Summary,Issue Type,Priority,Labels,Milestone,Description,Acceptance Criteria
"[Epic] Phase 0 — Infrastructure",Epic,P1-high,"type:epic,phase:0-infra",v0.0.1 — Foundation,"Repository setup, CI/CD, tooling configuration. Zero features, zero business logic.",All tooling configured and CI passes on empty skeleton
"[Task] Initialize root composer.json with monorepo config",Task,P1-high,"type:task,phase:0-infra,pkg:core",v0.0.1 — Foundation,"Create root composer.json with type:project. Configure path repositories for all packages. Set minimum-stability, PHP requirement, and scripts.",composer install succeeds with all package paths resolved
"[Task] Create root package.json and PNPM workspace config",Task,P1-high,"type:task,phase:0-infra,pkg:ui",v0.0.1 — Foundation,"Create root package.json, pnpm-workspace.yaml pointing to apps/* and packages/ui/*. Configure PNPM as package manager.","pnpm install succeeds, workspaces resolve correctly"
"[Task] Configure Turborepo for monorepo orchestration",Task,P1-high,"type:task,phase:0-infra",v0.0.1 — Foundation,"Create turbo.json with build, test, lint, and analyze pipelines. Configure proper dependency graph between tasks.","turbo run test runs all packages in correct order"
"[Task] Create Makefile with common commands",Task,P1-high,"type:task,phase:0-infra",v0.0.1 — Foundation,"Create Makefile with targets: install, test, test-php, test-frontend, lint, lint-php, lint-frontend, analyze, format, format-php, format-frontend, build, clean, help","make help shows all targets, each target runs correctly"
"[Task] Create .gitignore for monorepo",Task,P1-high,"type:task,phase:0-infra",v0.0.1 — Foundation,"Cover: vendor/, node_modules/, .env, .idea/, .vscode/ (except settings), dist/, build/, coverage/, .phpunit.result.cache, .phpstan/, *.cache",No build artifacts or IDE files tracked
"[Task] Create .editorconfig",Task,P3-low,"type:chore,phase:0-infra",v0.0.1 — Foundation,"Configure indent style (spaces), indent size (4 for PHP, 2 for TS/JSON/YAML), charset (utf-8), end_of_line (lf), trim_trailing_whitespace, insert_final_newline",EditorConfig applies correctly in VS Code
"[Task] Create LICENSE file (MIT)",Task,P3-low,"type:chore,phase:0-infra",v0.0.1 — Foundation,"MIT license with current year and project name",LICENSE exists at repo root
"[Task] Create initial README.md",Task,P2-medium,"type:docs,phase:0-infra",v0.0.1 — Foundation,"Minimal README: project name, one-line description, 'Under Development' badge, tech stack list, license. Will expand later.",README.md exists with basic project info
"[Task] Configure Laravel Pint (PER preset)",Task,P1-high,"type:task,phase:0-infra",v0.0.1 — Foundation,"Create pint.json at root with PER Coding Style 2.0 preset. Add rules for trailing commas, blank line before return, import ordering.","vendor/bin/pint --test runs without config errors"
"[Task] Configure PHPStan (level max)",Task,P1-high,"type:task,phase:0-infra",v0.0.1 — Foundation,"Create phpstan.neon.dist at root. Set level: max. Configure paths for all packages/*/src. Create baseline if needed.","vendor/bin/phpstan analyse runs without config errors"
"[Task] Configure Rector for PHP 8.3",Task,P2-medium,"type:task,phase:0-infra",v0.0.1 — Foundation,"Create rector.php with PHP 8.3 target. Add quality rules: readonly properties, constructor promotion, match expressions.","vendor/bin/rector process --dry-run runs without errors"
"[Task] Configure Pest testing framework",Task,P1-high,"type:task,phase:0-infra",v0.0.1 — Foundation,"Install Pest. Create phpunit.xml.dist with test suites per package. Create root Pest.php config.","vendor/bin/pest runs (0 tests, 0 assertions OK)"
"[Task] Create contracts package skeleton",Task,P1-high,"type:task,phase:0-infra,pkg:contracts",v0.0.1 — Foundation,"Create packages/contracts/ with composer.json (codeatlas/contracts), PSR-4 autoload for CodeAtlas\Contracts\, src/ and tests/ directories, Pest.php, README.md","Namespace resolves, Pest runs in package"
"[Task] Create core package skeleton",Task,P1-high,"type:task,phase:0-infra,pkg:core",v0.0.1 — Foundation,"Create packages/core/ with composer.json (codeatlas/core, requires codeatlas/contracts), PSR-4 autoload for CodeAtlas\Core\, src/ and tests/ directories","Namespace resolves, Pest runs in package"
"[Task] Create scanner package skeleton",Task,P1-high,"type:task,phase:0-infra,pkg:scanner",v0.0.1 — Foundation,"Create packages/scanner/ with composer.json (codeatlas/scanner, requires contracts + core), PSR-4 autoload for CodeAtlas\Scanner\","Namespace resolves, Pest runs in package"
"[Task] Create Laravel bridge package skeleton",Task,P1-high,"type:task,phase:0-infra,pkg:laravel",v0.0.1 — Foundation,"Create packages/laravel/ with composer.json (codeatlas/laravel, requires core + scanner + laravel/framework), config stub, PSR-4 autoload for CodeAtlas\Laravel\","Namespace resolves, Pest runs in package"
"[Task] Create route analyzer package skeleton",Task,P1-high,"type:task,phase:0-infra,pkg:analyzer-routes",v0.0.1 — Foundation,"Create packages/analyzers/routes/ with composer.json (codeatlas/analyzer-routes, requires contracts + core), PSR-4 autoload for CodeAtlas\Analyzers\Routes\","Namespace resolves, Pest runs in package"
"[Task] Create JSON exporter package skeleton",Task,P1-high,"type:task,phase:0-infra,pkg:exporter-json",v0.0.1 — Foundation,"Create packages/exporters/json/ with composer.json (codeatlas/exporter-json, requires contracts + core), PSR-4 autoload for CodeAtlas\Exporters\Json\","Namespace resolves, Pest runs in package"
"[Task] Initialize React + TypeScript frontend with Vite",Task,P1-high,"type:task,phase:0-infra,pkg:ui",v0.0.1 — Foundation,"Create apps/web/ via Vite. Configure React, TypeScript strict mode, path aliases. Create minimal App.tsx shell.","pnpm dev starts, pnpm build succeeds, TypeScript strict enabled"
"[Task] Install and configure Tailwind CSS",Task,P1-high,"type:task,phase:0-infra,pkg:ui",v0.0.1 — Foundation,"Install Tailwind CSS 4 in apps/web/. Configure content paths. Add CSS variables from UI_GUIDELINES.md. Verify utility classes work.",Tailwind classes render correctly in dev server
"[Task] Install and configure shadcn/ui",Task,P1-high,"type:task,phase:0-infra,pkg:ui",v0.0.1 — Foundation,"Initialize shadcn/ui with custom theme matching UI_GUIDELINES.md colors. Install base components: Button, Input, Card, Dialog, DropdownMenu.",shadcn components render with correct theming
"[Task] Install React Flow",Task,P1-high,"type:task,phase:0-infra,pkg:ui",v0.0.1 — Foundation,"Install @xyflow/react. Create placeholder GraphCanvas component with basic React Flow instance. Verify zoom/pan work.",React Flow canvas renders with zoom and pan
"[Task] Install Monaco Editor",Task,P2-medium,"type:task,phase:0-infra,pkg:ui",v0.0.1 — Foundation,"Install @monaco-editor/react. Create placeholder CodePreview component. Configure PHP syntax highlighting.",Monaco editor renders and shows PHP syntax highlighting
"[Task] Install TanStack Query",Task,P1-high,"type:task,phase:0-infra,pkg:ui",v0.0.1 — Foundation,"Install @tanstack/react-query. Set up QueryClientProvider in App.tsx. Create placeholder useAnalysis hook.",QueryClientProvider wraps app
"[Task] Install and configure Zustand",Task,P1-high,"type:task,phase:0-infra,pkg:ui",v0.0.1 — Foundation,"Install zustand. Create graphStore and uiStore skeletons with typed interfaces.",Stores are importable with correct TypeScript types
"[Task] Configure ESLint with strict TypeScript rules",Task,P1-high,"type:task,phase:0-infra,pkg:ui",v0.0.1 — Foundation,"Configure ESLint with @typescript-eslint, react-hooks, no-any rule. Add import ordering rules.","pnpm lint passes on skeleton code"
"[Task] Configure Prettier",Task,P2-medium,"type:task,phase:0-infra,pkg:ui",v0.0.1 — Foundation,"Create .prettierrc with: semi, singleQuote, trailingComma all, tabWidth 2, printWidth 100.",Prettier formats consistently
"[Task] Create CI workflow — PHP pipeline",Task,P1-high,"type:task,phase:0-infra",v0.0.1 — Foundation,"Create .github/workflows/ci.yml. Matrix: PHP 8.3 + 8.4. Steps: checkout, setup-php, composer install, pint --test, phpstan, pest.",CI runs on push to main and PRs
"[Task] Create CI workflow — Frontend pipeline",Task,P1-high,"type:task,phase:0-infra",v0.0.1 — Foundation,"Add frontend steps to CI: setup-node 20, pnpm install, eslint, vitest, vite build.",Frontend CI runs and passes
"[Task] Create GitHub Issue Templates",Task,P2-medium,"type:task,phase:0-infra",v0.0.1 — Foundation,"Create .github/ISSUE_TEMPLATE/ with bug.yml, feature.yml, task.yml. Create PULL_REQUEST_TEMPLATE.md.",Templates render correctly on GitHub
"[Task] Configure Husky + lint-staged",Task,P2-medium,"type:task,phase:0-infra",v0.0.1 — Foundation,"Install Husky. Configure pre-commit: run Pint on staged .php files, ESLint on staged .ts/.tsx files via lint-staged.",Committing triggers auto-format on staged files
"[Task] Configure Commitlint",Task,P2-medium,"type:task,phase:0-infra",v0.0.1 — Foundation,"Install commitlint with conventional commit config. Configure Husky commit-msg hook.",Non-conventional commit messages are rejected
"[Task] Configure Release Please",Task,P3-low,"type:task,phase:0-infra",v0.0.1 — Foundation,"Create .github/workflows/release.yml with release-please-action. Configure for monorepo with per-package changelogs.",Release PR is auto-created on conventional commits to main
"[Task] Create CHANGELOG.md",Task,P3-low,"type:docs,phase:0-infra",v0.0.1 — Foundation,"Create empty CHANGELOG.md following Keep a Changelog format. Will be auto-updated by Release Please.",CHANGELOG.md exists at root
"[Epic] Phase 1 — Contracts Package",Epic,P1-high,"type:epic,phase:1-core",v0.1.0 — First Light,"All interfaces, enums, value objects, and exception classes that define the public API. Zero-dependency package.",Every other package can implement these contracts
"[Task] Implement AnalyzerInterface",Task,P1-high,"type:task,phase:1-core,pkg:contracts",v0.1.0 — First Light,"Create AnalyzerInterface with methods: name(): string, supportedNodeTypes(): array, analyze(ProjectContext): AnalysisResult","Interface exists, PHPStan passes, documented with PHPDoc"
"[Task] Implement ScannerInterface",Task,P1-high,"type:task,phase:1-core,pkg:contracts",v0.1.0 — First Light,"Create ScannerInterface with method: scan(string $path, ?ScanConfig $config): ProjectContext","Interface exists, PHPStan passes, documented with PHPDoc"
"[Task] Implement ExporterInterface",Task,P1-high,"type:task,phase:1-core,pkg:contracts",v0.1.0 — First Light,"Create ExporterInterface with methods: name(): string, export(AnalysisResult, ExportConfig): ExportOutput","Interface exists, PHPStan passes, documented with PHPDoc"
"[Task] Implement ParserInterface",Task,P1-high,"type:task,phase:1-core,pkg:contracts",v0.1.0 — First Light,"Create ParserInterface for AST abstraction: parse(string $filePath): ParsedFile, parseString(string $code): ParsedFile","Interface exists, PHPStan passes"
"[Task] Implement NodeInterface",Task,P1-high,"type:task,phase:1-core,pkg:contracts",v0.1.0 — First Light,"Create NodeInterface: id(): string, type(): NodeType, label(): string, metadata(): array, file(): ?FileReference","Interface exists, PHPStan passes"
"[Task] Implement EdgeInterface",Task,P1-high,"type:task,phase:1-core,pkg:contracts",v0.1.0 — First Light,"Create EdgeInterface: id(): string, source(): string, target(): string, type(): EdgeType, label(): ?string","Interface exists, PHPStan passes"
"[Task] Implement GraphInterface",Task,P1-high,"type:task,phase:1-core,pkg:contracts",v0.1.0 — First Light,"Create GraphInterface: nodes(): array, edges(): array, addNode(NodeInterface), addEdge(EdgeInterface), merge(GraphInterface)","Interface exists, PHPStan passes"
"[Task] Implement PluginInterface",Task,P2-medium,"type:task,phase:1-core,pkg:contracts",v0.1.0 — First Light,"Create PluginInterface: register(ContainerInterface): void. Used by analyzers and exporters to register themselves.","Interface exists, PHPStan passes"
"[Task] Implement ConfigInterface",Task,P2-medium,"type:task,phase:1-core,pkg:contracts",v0.1.0 — First Light,"Create ConfigInterface: get(string $key, mixed $default): mixed, has(string $key): bool, all(): array","Interface exists, PHPStan passes"
"[Task] Create NodeType enum",Task,P1-high,"type:task,phase:1-core,pkg:contracts",v0.1.0 — First Light,"Create NodeType backed enum with cases: Route, Controller, ControllerMethod, Middleware, MiddlewareGroup, Service, Repository, Model, ModelRelationship, Event, Listener, Job, Notification, Policy, PolicyMethod, Command, ScheduleEntry, Migration, Factory, Seeder, Provider, Config, View","Enum exists with all cases, PHPStan passes"
"[Task] Create EdgeType enum",Task,P1-high,"type:task,phase:1-core,pkg:contracts",v0.1.0 — First Light,"Create EdgeType backed enum with cases: RoutesTo, Calls, DependsOn, Extends, Implements, UsesTrait, UsesMiddleware, HasRelationship, Dispatches, ListensTo, Queues, Notifies, Authorizes, Schedules, Migrates","Enum exists with all cases, PHPStan passes"
"[Task] Create FileType enum",Task,P1-high,"type:task,phase:1-core,pkg:contracts",v0.1.0 — First Light,"Create FileType backed enum with cases: Route, Controller, Middleware, Service, Repository, Model, Event, Listener, Job, Notification, Policy, Command, Migration, Factory, Seeder, Provider, Config, View, Other","Enum exists, PHPStan passes"
"[Task] Create Severity enum",Task,P2-medium,"type:task,phase:1-core,pkg:contracts",v0.1.0 — First Light,"Create Severity backed enum with cases: Error, Warning, Info, Debug","Enum exists, PHPStan passes"
"[Task] Implement ProjectContext value object",Task,P1-high,"type:task,phase:1-core,pkg:contracts",v0.1.0 — First Light,"Create readonly class ProjectContext with: name, path, framework, frameworkVersion, phpVersion, files (FileReference[]), filesOfType(FileType): array. Include static fromPath() factory.","Class exists, readonly, tests pass, PHPStan passes"
"[Task] Implement AnalysisResult value object",Task,P1-high,"type:task,phase:1-core,pkg:contracts",v0.1.0 — First Light,"Create readonly class AnalysisResult with: analyzer (string), nodes (NodeInterface[]), edges (EdgeInterface[]), metadata (array), errors (AnalysisError[]). Include merge() method.","Class exists, readonly, tests pass, PHPStan passes"
"[Task] Implement FileReference value object",Task,P1-high,"type:task,phase:1-core,pkg:contracts",v0.1.0 — First Light,"Create readonly class FileReference with: path, absolutePath, type (FileType), lineStart, lineEnd. Include relativeTo(string $basePath) method.","Class exists, readonly, tests pass"
"[Task] Implement Node value object",Task,P1-high,"type:task,phase:1-core,pkg:contracts",v0.1.0 — First Light,"Create readonly class Node implementing NodeInterface with: id, type, label, group, file, metadata, tags. Include toArray() and fromArray() methods.","Class exists, implements NodeInterface, tests pass"
"[Task] Implement Edge value object",Task,P1-high,"type:task,phase:1-core,pkg:contracts",v0.1.0 — First Light,"Create readonly class Edge implementing EdgeInterface with: id, source, target, type, label, metadata. Include toArray() and fromArray() methods.","Class exists, implements EdgeInterface, tests pass"
"[Task] Implement Graph value object",Task,P1-high,"type:task,phase:1-core,pkg:contracts",v0.1.0 — First Light,"Create class Graph implementing GraphInterface. Supports addNode(), addEdge(), merge(). Prevents duplicate IDs. Include toArray() method.","Class exists, implements GraphInterface, merge works, tests pass"
"[Task] Create exception hierarchy",Task,P1-high,"type:task,phase:1-core,pkg:contracts",v0.1.0 — First Light,"Create base CodeAtlasException. Create: ScannerException, ParserException, AnalyzerException, ExporterException, ConfigurationException, PluginException. Each with static factory methods.","All exception classes exist, extend base, have named constructors"
"[Task] Write comprehensive tests for all contracts",Task,P1-high,"type:test,phase:1-core,pkg:contracts",v0.1.0 — First Light,"Test all value objects (construction, toArray, fromArray, edge cases). Test enums (all cases exist, backed values). Test Graph (add, merge, duplicates). 100% coverage target.","All tests pass, coverage > 95%"
"[Epic] Phase 1 — Core Package",Epic,P1-high,"type:epic,phase:1-core",v0.1.0 — First Light,"Engine implementation: container, config, plugin loader, event bus, logger, pipeline runner, parser wrapper.",Core is fully functional and tested
"[Task] Implement minimal DI Container",Task,P1-high,"type:task,phase:1-core,pkg:core",v0.1.0 — First Light,"Create Container class. Support: bind(), singleton(), factory(), make(), has(), tagged(). Use PHP reflection for auto-resolution. No Laravel/Symfony dependency.","Container resolves classes, singletons work, tagged bindings work, tests pass"
"[Task] Implement Configuration loader",Task,P1-high,"type:task,phase:1-core,pkg:core",v0.1.0 — First Light,"Create Config class implementing ConfigInterface. Support: load from array, load from PHP file, merge configs, dot-notation access (config.scanner.paths).","Config loads, merges, dot-notation works, tests pass"
"[Task] Implement Plugin Loader",Task,P1-high,"type:task,phase:1-core,pkg:core",v0.1.0 — First Light,"Create PluginLoader that auto-discovers classes implementing PluginInterface via Composer classmap or explicit registration. Registers analyzers and exporters into Container.","Plugins are discovered and registered, tests pass"
"[Task] Implement Event Bus",Task,P2-medium,"type:task,phase:1-core,pkg:core",v0.1.0 — First Light,"Create EventBus with: listen(string $event, callable $handler), dispatch(string $event, mixed $payload). Sync only, in-process. Events: scan.started, scan.completed, analysis.started, analysis.completed, analysis.error.","Events dispatch correctly, listeners fire, tests pass"
"[Task] Implement Logger (PSR-3 wrapper)",Task,P2-medium,"type:task,phase:1-core,pkg:core",v0.1.0 — First Light,"Create Logger implementing PSR-3 LoggerInterface. Support: file output, console output, configurable level. Default: stderr.","Logger writes to file and console, levels filter correctly, tests pass"
"[Task] Implement Pipeline Runner",Task,P1-high,"type:task,phase:1-core,pkg:core",v0.1.0 — First Light,"Create PipelineRunner that orchestrates: Scanner → Analyzers → Exporters. Accepts config to select which analyzers to run. Merges all AnalysisResults into a single Graph. Dispatches events at each stage.","Pipeline runs end-to-end, results merge correctly, events fire, tests pass"
"[Task] Implement Parser wrapper (nikic/php-parser)",Task,P1-high,"type:task,phase:1-core,pkg:core",v0.1.0 — First Light,"Create PhpParser implementing ParserInterface. Wrap nikic/php-parser v5. Return ParsedFile DTO with AST + helper methods (getClasses, getMethods, getUseStatements, getNamespace). Cache AST by file hash.","Parser returns typed DTOs, caching works, malformed files return errors not crashes, tests pass"
"[Task] Implement DTO factory",Task,P2-medium,"type:task,phase:1-core,pkg:core",v0.1.0 — First Light,"Create DtoFactory for creating typed DTOs from raw AST data. Common extractors: class name from node, FQCN resolution, method signature extraction.",Factory produces correct DTOs from AST nodes
"[Task] Write comprehensive tests for core",Task,P1-high,"type:test,phase:1-core,pkg:core",v0.1.0 — First Light,"Test Container (binding, resolution, singletons, tagged). Test Config (loading, merging, dot-notation). Test Pipeline (full flow). Test Parser (valid files, invalid files, caching). 90%+ coverage.","All tests pass, coverage > 90%"
"[Task] Write benchmarks for core",Task,P2-medium,"type:perf,phase:1-core,pkg:core",v0.1.0 — First Light,"Benchmark: Container resolution speed. Parser: files/second. Pipeline: end-to-end timing. Use PHPBench.",Benchmarks run and produce measurable baselines
"[Epic] Phase 2 — Scanner",Epic,P1-high,"type:epic,phase:2-scanner",v0.1.0 — First Light,"File and directory discovery. Returns ProjectContext. No parsing, only discovery.",Scanner discovers all Laravel project files correctly
"[Task] Implement directory walker with Symfony Finder",Task,P1-high,"type:task,phase:2-scanner,pkg:scanner",v0.1.0 — First Light,"Create DirectoryWalker using Symfony Finder. Lazy iteration. Walk configurable paths. Return FileReference objects.",Walker finds files efficiently with lazy loading
"[Task] Implement configurable scan paths",Task,P1-high,"type:task,phase:2-scanner,pkg:scanner",v0.1.0 — First Light,"Accept custom paths configuration. Default Laravel paths: app/, routes/, config/, database/, resources/, bootstrap/. Allow adding and removing paths.",Custom paths override defaults correctly
"[Task] Implement exclusion patterns",Task,P1-high,"type:task,phase:2-scanner,pkg:scanner",v0.1.0 — First Light,"Support glob-based exclusion: vendor/, node_modules/, storage/, .git/, tests/. Configurable via ScanConfig.",Excluded paths are never returned
"[Task] Implement file classification",Task,P1-high,"type:task,phase:2-scanner,pkg:scanner",v0.1.0 — First Light,"Classify discovered files by FileType based on path conventions: app/Http/Controllers/ → Controller, app/Models/ → Model, routes/ → Route, etc.",Files are correctly classified by type
"[Task] Implement framework detection",Task,P2-medium,"type:task,phase:2-scanner,pkg:scanner",v0.1.0 — First Light,"Detect if target directory is a Laravel project by checking: artisan file, composer.json with laravel/framework, app/ structure.",Laravel projects are detected correctly; non-Laravel returns warning
"[Task] Implement composer.json parser for project metadata",Task,P2-medium,"type:task,phase:2-scanner,pkg:scanner",v0.1.0 — First Light,"Read composer.json to extract: project name, PHP version requirement, Laravel version, autoload PSR-4 mappings.",Project metadata is correctly extracted
"[Task] Implement ProjectContext builder",Task,P1-high,"type:task,phase:2-scanner,pkg:scanner",v0.1.0 — First Light,"Assemble a complete ProjectContext from walker results + metadata. Include file counts per type, total file count.",ProjectContext contains all discovered files with correct metadata
"[Task] Write scanner tests with fixture projects",Task,P1-high,"type:test,phase:2-scanner,pkg:scanner",v0.1.0 — First Light,"Create fixture directories: minimal Laravel app, empty project, non-Laravel project, large project (generated). Test all scanner features. 90%+ coverage.",All tests pass with fixtures
"[Task] Write scanner benchmarks",Task,P2-medium,"type:perf,phase:2-scanner,pkg:scanner",v0.1.0 — First Light,"Benchmark files/second on 100, 500, 1000, 5000 file projects. Measure memory usage.",Benchmarks run with clear metrics
"[Epic] Phase 3 — Route Analyzer",Epic,P1-high,"type:epic,phase:3-routes",v0.1.0 — First Light,"First analyzer. Extract all route information from Laravel route files.",Routes are extracted with full metadata
"[Task] Implement RouteAnalyzer class",Task,P1-high,"type:task,phase:3-routes,pkg:analyzer-routes",v0.1.0 — First Light,"Create RouteAnalyzer implementing AnalyzerInterface. Parse route files from ProjectContext. Return AnalysisResult with Route nodes.","Class implements interface, processes route files"
"[Task] Extract basic routes (GET/POST/PUT/DELETE)",Task,P1-high,"type:task,phase:3-routes,pkg:analyzer-routes",v0.1.0 — First Light,"Parse Route::get(), Route::post(), Route::put(), Route::patch(), Route::delete(), Route::options(). Extract URI, method, name.",Basic routes are extracted with correct HTTP methods
"[Task] Extract controller routes",Task,P1-high,"type:task,phase:3-routes,pkg:analyzer-routes",v0.1.0 — First Light,"Parse Route::get('/users', [UserController::class, 'index']). Extract controller FQCN and action method. Generate Route→Controller edge.",Controller and action are correctly resolved
"[Task] Extract closure routes",Task,P1-high,"type:task,phase:3-routes,pkg:analyzer-routes",v0.1.0 — First Light,"Handle Route::get('/health', function() {...}). Mark as closure route (no controller). Extract URI and method.",Closure routes are captured without crash
"[Task] Extract resource routes",Task,P1-high,"type:task,phase:3-routes,pkg:analyzer-routes",v0.1.0 — First Light,"Parse Route::resource() and Route::apiResource(). Expand into individual routes (index, create, store, show, edit, update, destroy).",Resource routes expand to correct individual routes
"[Task] Extract route groups",Task,P1-high,"type:task,phase:3-routes,pkg:analyzer-routes",v0.1.0 — First Light,"Parse Route::group() and Route::prefix(). Resolve nested groups. Apply prefix, middleware, namespace, domain from group to child routes.",Group attributes correctly propagate to child routes
"[Task] Extract route middleware",Task,P1-high,"type:task,phase:3-routes,pkg:analyzer-routes",v0.1.0 — First Light,"Parse ->middleware() on routes and groups. Collect all middleware applied (direct + inherited from groups). Generate Route→Middleware edges.",All middleware is captured including group-inherited
"[Task] Extract route names",Task,P2-medium,"type:task,phase:3-routes,pkg:analyzer-routes",v0.1.0 — First Light,"Parse ->name() on routes. Handle name prefixes from groups.",Route names are correctly resolved
"[Task] Extract route parameters and where constraints",Task,P2-medium,"type:task,phase:3-routes,pkg:analyzer-routes",v0.1.0 — First Light,"Parse {param} in URIs. Parse ->where(), ->whereNumber(), ->whereAlpha(), etc.",Parameters and constraints are captured
"[Task] Extract route domain",Task,P3-low,"type:task,phase:3-routes,pkg:analyzer-routes",v0.1.0 — First Light,"Parse ->domain() and Route::domain() group.",Domain is captured when specified
"[Task] Generate Route DTOs (RouteData)",Task,P1-high,"type:task,phase:3-routes,pkg:analyzer-routes",v0.1.0 — First Light,"Create RouteData readonly DTO. Create RouteCollection. Implement toArray() and fromArray(). Conform to JSON_SCHEMA.md routes section.",DTOs are readonly and conform to JSON schema
"[Task] Generate Route nodes and edges",Task,P1-high,"type:task,phase:3-routes,pkg:analyzer-routes",v0.1.0 — First Light,"Convert RouteData to Node objects with type Route. Generate edges: Route→Controller (routes_to), Route→Middleware (uses_middleware).",Nodes and edges are correctly generated
"[Task] Handle malformed route files gracefully",Task,P1-high,"type:task,phase:3-routes,pkg:analyzer-routes",v0.1.0 — First Light,"Catch ParserException on malformed files. Log warning. Skip file. Continue with remaining files. Include error in AnalysisResult.errors.","Malformed files don't crash, errors are logged"
"[Task] Write route analyzer unit tests",Task,P1-high,"type:test,phase:3-routes,pkg:analyzer-routes",v0.1.0 — First Light,"Create fixture route files covering all route types. Test each extraction independently. Test error handling. 90%+ coverage.",All tests pass
"[Task] Write route analyzer integration tests",Task,P1-high,"type:test,phase:3-routes,pkg:analyzer-routes",v0.1.0 — First Light,"Test full flow: fixture Laravel project → Scanner → RouteAnalyzer → AnalysisResult. Verify complete JSON output matches schema.",Integration test passes end-to-end
"[Task] Write route analyzer benchmarks",Task,P2-medium,"type:perf,phase:3-routes,pkg:analyzer-routes",v0.1.0 — First Light,"Benchmark routes/second. Test with 10, 50, 100, 500 route files.",Benchmarks produce clear metrics
"[Epic] Phase 3 — JSON Exporter",Epic,P1-high,"type:epic,phase:3-routes",v0.1.0 — First Light,"Export AnalysisResult as JSON conforming to the schema.",JSON output matches schema exactly
"[Task] Implement JsonExporter class",Task,P1-high,"type:task,phase:3-routes,pkg:exporter-json",v0.1.0 — First Light,"Create JsonExporter implementing ExporterInterface. Accept AnalysisResult. Output JSON string conforming to JSON_SCHEMA.md top-level schema.","Exporter produces valid JSON matching schema"
"[Task] Add schema version stamping",Task,P1-high,"type:task,phase:3-routes,pkg:exporter-json",v0.1.0 — First Light,"Include $schema URL and version field in every JSON output.",Schema version is always present
"[Task] Add pretty-print option",Task,P3-low,"type:task,phase:3-routes,pkg:exporter-json",v0.1.0 — First Light,"ExportConfig option to enable JSON_PRETTY_PRINT.",Pretty-print toggle works
"[Task] Write JSON exporter tests",Task,P1-high,"type:test,phase:3-routes,pkg:exporter-json",v0.1.0 — First Light,"Test output structure matches schema. Test with empty results. Test with large results. Validate JSON is parseable.",All tests pass
"[Epic] Phase 4 — Laravel Bridge",Epic,P1-high,"type:epic,phase:4-mvp",v0.1.0 — First Light,"Laravel integration: ServiceProvider, artisan commands, config, web UI endpoint.",php artisan codeatlas:analyze works end-to-end
"[Task] Implement CodeAtlasServiceProvider",Task,P1-high,"type:task,phase:4-mvp,pkg:laravel",v0.1.0 — First Light,"Create ServiceProvider. Register Container bindings for Scanner, Parser, analyzers, exporters. Publish config. Register routes. Merge config.","Provider boots correctly in a Laravel app"
"[Task] Implement codeatlas:scan artisan command",Task,P1-high,"type:task,phase:4-mvp,pkg:laravel",v0.1.0 — First Light,"Create ScanCommand. Accept --path option (default: base_path()). Run scanner. Output summary to console.",Command runs and shows scan results
"[Task] Implement codeatlas:analyze artisan command",Task,P1-high,"type:task,phase:4-mvp,pkg:laravel",v0.1.0 — First Light,"Create AnalyzeCommand. Accept --analyzer option (default: all). Run pipeline. Export JSON to storage/codeatlas/. Show summary.",Command runs analysis and saves JSON
"[Task] Implement codeatlas:export artisan command",Task,P2-medium,"type:task,phase:4-mvp,pkg:laravel",v0.1.0 — First Light,"Create ExportCommand. Accept --format option (json, mermaid, etc). Accept --output option. Run exporter on latest analysis.",Command exports in requested format
"[Task] Create publishable config file",Task,P1-high,"type:task,phase:4-mvp,pkg:laravel",v0.1.0 — First Light,"Create config/codeatlas.php with: scan_paths, exclude_paths, analyzers (enable/disable), export_path, ui_enabled, ui_route_prefix.",Config is publishable and respected by all commands
"[Task] Register web routes for UI",Task,P1-high,"type:task,phase:4-mvp,pkg:laravel",v0.1.0 — First Light,"Register routes: GET /codeatlas (serve SPA), GET /codeatlas/api/analysis (return latest JSON). Prefix configurable. Middleware configurable.",Routes work and serve correct data
"[Task] Create Blade view for SPA mount",Task,P1-high,"type:task,phase:4-mvp,pkg:laravel",v0.1.0 — First Light,"Create a single Blade view that includes Vite-built React app assets. Mount point for the React SPA.",Blade view loads and React app mounts
"[Task] Write Laravel bridge tests with Orchestra Testbench",Task,P1-high,"type:test,phase:4-mvp,pkg:laravel",v0.1.0 — First Light,"Test ServiceProvider registration. Test artisan commands. Test routes. Test config. Use Orchestra Testbench.",All tests pass in simulated Laravel environment
"[Epic] Phase 4 — Basic Web UI (MVP)",Epic,P1-high,"type:epic,phase:4-mvp",v0.1.0 — First Light,"Minimal web UI: sidebar, graph canvas, inspector. Show routes.",Routes visible in interactive graph
"[Task] Create app shell layout (sidebar + canvas + inspector)",Task,P1-high,"type:task,phase:4-mvp,pkg:ui",v0.1.0 — First Light,"Build the three-panel layout from UI_GUIDELINES.md. Resizable panels. Collapsible sidebar and inspector. Dark theme default.","Layout renders correctly, panels resize, collapse works"
"[Task] Load and parse analysis JSON",Task,P1-high,"type:task,phase:4-mvp,pkg:ui",v0.1.0 — First Light,"TanStack Query hook to fetch analysis JSON from API endpoint. Parse into typed AnalysisResult. Handle loading/error states.",Data loads and is correctly typed
"[Task] Render route list in sidebar",Task,P1-high,"type:task,phase:4-mvp,pkg:ui",v0.1.0 — First Light,"Show routes grouped by file or prefix. Show count badge. Click to select. Filter input at top.",Route list renders with correct data
"[Task] Render route nodes on React Flow canvas",Task,P1-high,"type:task,phase:4-mvp,pkg:ui",v0.1.0 — First Light,"Create RouteNode custom component. Render all routes as nodes. Apply automatic layout (dagre or elkjs). Show edges to controllers and middleware.",Nodes render with correct labels and edges
"[Task] Implement node selection and inspector",Task,P1-high,"type:task,phase:4-mvp,pkg:ui",v0.1.0 — First Light,"Click a node → show properties in inspector panel. Show: type, label, file, line, metadata. Show connections (incoming/outgoing edges).",Inspector shows correct data for selected node
"[Task] Add zoom, pan, and minimap",Task,P2-medium,"type:task,phase:4-mvp,pkg:ui",v0.1.0 — First Light,"Enable React Flow controls: zoom buttons, fit view, minimap toggle. Keyboard: Cmd+0 fit, Cmd+/- zoom.",Controls work as expected
"[Task] Add basic search and filter",Task,P2-medium,"type:task,phase:4-mvp,pkg:ui",v0.1.0 — First Light,"Cmd+K opens search. Filter nodes by name/type. Highlight matching nodes on canvas. Clear filter resets view.",Search finds and highlights nodes
"[Task] Add dark/light theme toggle",Task,P2-medium,"type:task,phase:4-mvp,pkg:ui",v0.1.0 — First Light,"Toggle between dark and light CSS variables from UI_GUIDELINES.md. Persist preference in localStorage.",Theme switches correctly and persists
"[Task] Write frontend smoke tests",Task,P1-high,"type:test,phase:4-mvp,pkg:ui",v0.1.0 — First Light,"Test: app renders, sidebar renders, canvas renders, node click opens inspector. Use Vitest + React Testing Library.",Tests pass
"[Epic] Phase 5 — Middleware Analyzer",Epic,P2-medium,"type:epic,phase:5-controllers",v0.2.0 — Connections,"Extract middleware classes, aliases, groups, priority, and usage.",Middleware is fully mapped
"[Task] Implement MiddlewareAnalyzer class",Task,P2-medium,"type:task,phase:5-controllers,pkg:analyzer-middleware",v0.2.0 — Connections,"Implement AnalyzerInterface. Parse middleware classes. Extract alias, FQCN, type, parameters, groups, priority, global flag.","Analyzer produces correct nodes and edges"
"[Task] Detect middleware aliases and groups",Task,P2-medium,"type:task,phase:5-controllers,pkg:analyzer-middleware",v0.2.0 — Connections,"Parse app/Http/Kernel.php (or bootstrap/app.php for Laravel 11+). Extract $middleware, $middlewareGroups, $middlewareAliases, $middlewarePriority.",Aliases and groups correctly mapped
"[Task] Map middleware to routes",Task,P2-medium,"type:task,phase:5-controllers,pkg:analyzer-middleware",v0.2.0 — Connections,"Cross-reference route middleware with middleware definitions. Generate Middleware nodes and usage edges.",Route→Middleware edges are correct
"[Task] Write middleware analyzer tests",Task,P2-medium,"type:test,phase:5-controllers,pkg:analyzer-middleware",v0.2.0 — Connections,"Fixture Kernel.php and middleware classes. Test alias resolution, group detection, route mapping.",All tests pass
"[Task] Create MiddlewareNode custom React component",Task,P2-medium,"type:task,phase:5-controllers,pkg:ui",v0.2.0 — Connections,"Create MiddlewareNode for React Flow with amber coloring per UI_GUIDELINES.md. Show alias and applied-to count.",Node renders correctly with middleware styling
"[Epic] Phase 5 — Controller Analyzer",Epic,P1-high,"type:epic,phase:5-controllers",v0.2.0 — Connections,"Extract controller classes with methods, dependencies, traits, return types.",Controllers fully analyzed with dependency edges
"[Task] Implement ControllerAnalyzer class",Task,P1-high,"type:task,phase:5-controllers,pkg:analyzer-controllers",v0.2.0 — Connections,"Implement AnalyzerInterface. Parse controller files. Extract FQCN, namespace, parent, interfaces, traits, methods, dependencies.",Analyzer produces correct controller nodes
"[Task] Extract controller methods with signatures",Task,P1-high,"type:task,phase:5-controllers,pkg:analyzer-controllers",v0.2.0 — Connections,"For each method: name, visibility, parameters (name, type, nullable, default), return type, attributes (PHP 8 attributes), line range.",Methods are fully extracted with signatures
"[Task] Extract constructor injection dependencies",Task,P1-high,"type:task,phase:5-controllers,pkg:analyzer-controllers",v0.2.0 — Connections,"Parse __construct parameters. Resolve FQCN for each type-hinted parameter. Generate Controller→Service/Repository DependsOn edges.",Dependencies correctly identified and linked
"[Task] Extract trait usage",Task,P2-medium,"type:task,phase:5-controllers,pkg:analyzer-controllers",v0.2.0 — Connections,"Detect use statements inside class body. Resolve trait FQCNs. Generate UsesTrait edges.",Traits are detected and linked
"[Task] Extract parent class and interfaces",Task,P2-medium,"type:task,phase:5-controllers,pkg:analyzer-controllers",v0.2.0 — Connections,"Detect extends and implements. Resolve FQCNs. Generate Extends and Implements edges.",Inheritance chain is mapped
"[Task] Write controller analyzer tests",Task,P1-high,"type:test,phase:5-controllers,pkg:analyzer-controllers",v0.2.0 — Connections,"Fixture controllers covering: basic, resource, invokable, DI, traits, attributes. Test each extraction. 90%+ coverage.",All tests pass
"[Task] Create ControllerNode custom React component",Task,P1-high,"type:task,phase:5-controllers,pkg:ui",v0.2.0 — Connections,"Create ControllerNode for React Flow with violet coloring. Show method count. Expandable to show method list.",Node renders with correct styling and expansion
"[Task] Add controller section to sidebar",Task,P1-high,"type:task,phase:5-controllers,pkg:ui",v0.2.0 — Connections,"Add Controllers section to sidebar. List all controllers with method count. Click to select on canvas.",Sidebar shows controllers correctly
"[Task] Update inspector for controller properties",Task,P1-high,"type:task,phase:5-controllers,pkg:ui",v0.2.0 — Connections,"Show controller details in inspector: methods, dependencies, traits, parent class, file with code preview.",Inspector shows full controller information
"[Epic] Phase 6 — Service Analyzer",Epic,P2-medium,"type:epic,phase:6-services",v0.3.0 — Depth,"Detect and analyze service classes with their dependency chains.",Service dependency graph is complete
"[Task] Implement ServiceAnalyzer class",Task,P2-medium,"type:task,phase:6-services,pkg:analyzer-services",v0.3.0 — Depth,"Implement AnalyzerInterface. Detect service classes by: convention (app/Services/), interface binding, or explicit config. Extract dependencies, methods, interfaces.",Analyzer produces correct service nodes
"[Task] Detect service classes by convention and binding",Task,P2-medium,"type:task,phase:6-services,pkg:analyzer-services",v0.3.0 — Depth,"Look in app/Services/. Also check ServiceProvider bindings for interface→implementation mappings.",Services detected by both methods
"[Task] Extract service dependency chain",Task,P2-medium,"type:task,phase:6-services,pkg:analyzer-services",v0.3.0 — Depth,"Parse constructor injection. Map Service→Service, Service→Repository dependencies. Build multi-level dependency tree.",Dependency chain is correctly mapped
"[Task] Write service analyzer tests",Task,P2-medium,"type:test,phase:6-services,pkg:analyzer-services",v0.3.0 — Depth,"Fixture services with nested dependencies. Test detection, extraction, chain building.",All tests pass
"[Epic] Phase 6 — Repository Analyzer",Epic,P2-medium,"type:epic,phase:6-services",v0.3.0 — Depth,"Map repository classes to their models.",Repository→Model mapping is complete
"[Task] Implement RepositoryAnalyzer class",Task,P2-medium,"type:task,phase:6-services,pkg:analyzer-repositories",v0.3.0 — Depth,"Implement AnalyzerInterface. Detect repositories in app/Repositories/. Extract: model references, query methods, interface implementations.",Analyzer produces correct repository nodes and model edges
"[Task] Write repository analyzer tests",Task,P2-medium,"type:test,phase:6-services,pkg:analyzer-repositories",v0.3.0 — Depth,"Fixture repositories with model references. Test detection and mapping.",All tests pass
"[Epic] Phase 7 — Model Analyzer",Epic,P1-high,"type:epic,phase:7-models",v0.4.0 — Relationships,"Extract Eloquent model metadata: relationships, scopes, casts, fillable, observers.",Model relationship graph is complete
"[Task] Implement ModelAnalyzer class",Task,P1-high,"type:task,phase:7-models,pkg:analyzer-models",v0.4.0 — Relationships,"Implement AnalyzerInterface. Parse model files. Extract: table name, relationships, scopes, casts, fillable, guarded, hidden, appends, observers, events, factory.",Analyzer produces correct model nodes with full metadata
"[Task] Extract model relationships",Task,P1-high,"type:task,phase:7-models,pkg:analyzer-models",v0.4.0 — Relationships,"Detect hasMany, belongsTo, hasOne, belongsToMany, morphMany, morphTo, hasManyThrough, hasOneThrough. Extract related model, foreign key, local key. Generate HasRelationship edges.",All relationship types are detected and correctly linked
"[Task] Extract model scopes",Task,P2-medium,"type:task,phase:7-models,pkg:analyzer-models",v0.4.0 — Relationships,"Detect scope methods (scopeActive, scopeVerified). Extract scope name and parameters.",Scopes are correctly detected
"[Task] Extract model casts and attributes",Task,P2-medium,"type:task,phase:7-models,pkg:analyzer-models",v0.4.0 — Relationships,"Parse $casts, $fillable, $guarded, $hidden, $appends arrays. Parse accessor/mutator methods.",All model attributes are extracted
"[Task] Extract model observers and events",Task,P2-medium,"type:task,phase:7-models,pkg:analyzer-models",v0.4.0 — Relationships,"Detect $dispatchesEvents, boot() event hooks, and associated Observer classes.",Model events and observers are mapped
"[Task] Write model analyzer tests",Task,P1-high,"type:test,phase:7-models,pkg:analyzer-models",v0.4.0 — Relationships,"Fixture models covering all relationship types, scopes, casts. 90%+ coverage.",All tests pass
"[Task] Create ModelNode custom React component",Task,P1-high,"type:task,phase:7-models,pkg:ui",v0.4.0 — Relationships,"Create ModelNode with red coloring. Show relationship count. Expandable to show relationship list with type icons.",Node renders with correct styling
"[Task] Create ER diagram view",Task,P1-high,"type:task,phase:7-models,pkg:ui",v0.4.0 — Relationships,"Dedicated graph view showing only models and their relationships. ER-diagram style with cardinality labels (1:N, N:M).",ER diagram renders correctly with relationship labels
"[Epic] Phase 7 — Database/Migration Analyzer",Epic,P2-medium,"type:epic,phase:7-models",v0.4.0 — Relationships,"Parse migration files to extract table schemas.",Database schema is fully mapped
"[Task] Implement DatabaseAnalyzer class",Task,P2-medium,"type:task,phase:7-models,pkg:analyzer-models",v0.4.0 — Relationships,"Implement AnalyzerInterface. Parse migration files. Extract: table creates, column definitions, indexes, foreign keys.",Analyzer produces correct migration/table nodes
"[Task] Extract table definitions from migrations",Task,P2-medium,"type:task,phase:7-models,pkg:analyzer-models",v0.4.0 — Relationships,"Parse Schema::create() and Schema::table() calls. Extract table name, columns with types, nullable, default values.",Tables and columns are correctly extracted
"[Task] Extract foreign keys and indexes",Task,P2-medium,"type:task,phase:7-models,pkg:analyzer-models",v0.4.0 — Relationships,"Parse ->foreign(), ->index(), ->unique(). Generate table→table relationship edges via foreign keys.",Foreign keys generate correct inter-table edges
"[Task] Write database analyzer tests",Task,P2-medium,"type:test,phase:7-models,pkg:analyzer-models",v0.4.0 — Relationships,"Fixture migration files. Test table extraction, column detection, foreign key mapping.",All tests pass
"[Epic] Phase 8 — Event Analyzer",Epic,P2-medium,"type:epic,phase:8-events",v0.5.0 — Flow,"Map event dispatching and listening flow.",Event→Listener→Job flow is complete
"[Task] Implement EventAnalyzer class",Task,P2-medium,"type:task,phase:8-events,pkg:analyzer-events",v0.5.0 — Flow,"Implement AnalyzerInterface. Parse event classes, EventServiceProvider, and listener classes. Extract: event FQCN, listeners, queued status, properties, dispatchers.",Event flow is fully mapped
"[Task] Detect event-listener bindings",Task,P2-medium,"type:task,phase:8-events,pkg:analyzer-events",v0.5.0 — Flow,"Parse EventServiceProvider $listen array. Also detect auto-discovered listeners (Laravel 11+). Generate Event→Listener edges.",All bindings are detected
"[Task] Detect event dispatching locations",Task,P2-medium,"type:task,phase:8-events,pkg:analyzer-events",v0.5.0 — Flow,"Scan for event() helper, Event::dispatch(), and $this->dispatchEvent() calls. Link dispatching class to event. Generate Dispatches edges.",Dispatching locations are identified
"[Task] Write event analyzer tests",Task,P2-medium,"type:test,phase:8-events,pkg:analyzer-events",v0.5.0 — Flow,"Fixture events, listeners, EventServiceProvider. Test binding detection and dispatch tracking.",All tests pass
"[Epic] Phase 8 — Job Analyzer",Epic,P2-medium,"type:epic,phase:8-events",v0.5.0 — Flow,"Analyze queue jobs with configuration.",Jobs are fully analyzed with queue config
"[Task] Implement JobAnalyzer class",Task,P2-medium,"type:task,phase:8-events,pkg:analyzer-jobs",v0.5.0 — Flow,"Implement AnalyzerInterface. Parse job classes. Extract: queue, connection, tries, timeout, backoff, unique, batch, chain, middleware, dispatchers.",Job nodes include full queue configuration
"[Task] Detect job dispatching locations",Task,P2-medium,"type:task,phase:8-events,pkg:analyzer-jobs",v0.5.0 — Flow,"Scan for dispatch(), dispatchIf(), dispatchUnless(), Bus::dispatch() calls. Generate Queues edges.",Dispatching locations are identified
"[Task] Write job analyzer tests",Task,P2-medium,"type:test,phase:8-events,pkg:analyzer-jobs",v0.5.0 — Flow,"Fixture job classes with various configurations. Test extraction and dispatch tracking.",All tests pass
"[Epic] Phase 9 — Policy Analyzer",Epic,P2-medium,"type:epic,phase:9-policies",v0.6.0 — Authority,"Map policies to models with authorization methods.",Policy→Model mapping is complete
"[Task] Implement PolicyAnalyzer class",Task,P2-medium,"type:task,phase:9-policies,pkg:analyzer-policies",v0.6.0 — Authority,"Implement AnalyzerInterface. Parse policy classes. Extract: associated model, policy methods, parameters, return types. Generate Policy→Model edges.",Policies are correctly mapped to models
"[Task] Write policy analyzer tests",Task,P2-medium,"type:test,phase:9-policies,pkg:analyzer-policies",v0.6.0 — Authority,"Fixture policies. Test model mapping and method extraction.",All tests pass
"[Epic] Phase 9 — Schedule Analyzer",Epic,P2-medium,"type:epic,phase:9-policies",v0.6.0 — Authority,"Extract scheduled commands from Console Kernel.",Schedule is fully mapped
"[Task] Implement ScheduleAnalyzer class",Task,P2-medium,"type:task,phase:9-policies,pkg:analyzer-schedule",v0.6.0 — Authority,"Implement AnalyzerInterface. Parse Console Kernel schedule() method. Extract: command, expression, frequency, timezone, constraints (withoutOverlapping, runInBackground, etc).",Schedule entries are correctly extracted
"[Task] Write schedule analyzer tests",Task,P2-medium,"type:test,phase:9-policies,pkg:analyzer-schedule",v0.6.0 — Authority,"Fixture Kernel with various schedule configurations. Test extraction.",All tests pass
"[Epic] Phase 10 — Dependency Graph",Epic,P1-high,"type:epic,phase:10-deps",v0.7.0 — Big Picture,"Cross-analyzer dependency resolution. Full architecture view.",Complete application dependency graph
"[Task] Implement DependencyAnalyzer class",Task,P1-high,"type:task,phase:10-deps,pkg:analyzer-dependencies",v0.7.0 — Big Picture,"Consume results from all other analyzers. Build full dependency graph: Controller→Service→Repository→Model→Events→Jobs. Calculate depth levels.",Full dependency tree is generated
"[Task] Detect circular dependencies",Task,P2-medium,"type:task,phase:10-deps,pkg:analyzer-dependencies",v0.7.0 — Big Picture,"Analyze dependency graph for cycles. Flag circular dependencies as warnings.",Circular dependencies are detected and reported
"[Task] Create architecture dashboard view",Task,P1-high,"type:task,phase:10-deps,pkg:ui",v0.7.0 — Big Picture,"Overview page showing: total counts per type, full dependency graph, top-level architecture diagram, health metrics.",Dashboard renders with complete statistics
"[Task] Write dependency analyzer tests",Task,P1-high,"type:test,phase:10-deps,pkg:analyzer-dependencies",v0.7.0 — Big Picture,"Test full dependency resolution with multiple analyzer results. Test circular dependency detection.",All tests pass
"[Epic] Phase 11 — Tauri Desktop App",Epic,P2-medium,"type:epic,phase:11-desktop",v0.8.0 — Desktop,"Native desktop application wrapping the web UI.",Desktop app launches and analyzes local projects
"[Task] Initialize Tauri project",Task,P2-medium,"type:task,phase:11-desktop,pkg:desktop",v0.8.0 — Desktop,"Set up Tauri in apps/desktop/. Configure: window size, title, icon, menu bar. Embed web UI as webview.","Tauri app builds and launches with web UI"
"[Task] Implement native file picker",Task,P2-medium,"type:task,phase:11-desktop,pkg:desktop",v0.8.0 — Desktop,"Native dialog to select project directory. Pass path to scanner via Tauri command.",File picker works and triggers analysis
"[Task] Implement Tauri commands for analysis",Task,P2-medium,"type:task,phase:11-desktop,pkg:desktop",v0.8.0 — Desktop,"Tauri commands (Rust) that invoke PHP scanner/analyzer. Return JSON to frontend.",Analysis runs from desktop and returns results
"[Task] Add auto-update support",Task,P3-low,"type:task,phase:11-desktop,pkg:desktop",v0.8.0 — Desktop,"Configure Tauri updater. Check for updates on launch. Show update notification.",Auto-update works
"[Task] Build and package for macOS/Windows/Linux",Task,P2-medium,"type:task,phase:11-desktop,pkg:desktop",v0.8.0 — Desktop,"CI workflow to build Tauri app for all three platforms. Produce downloadable artifacts.","Builds succeed for all platforms"
